eval,fitness,prey_base_cost,prey_move_cost,prey_forage_rate,pred_base_cost,pred_move_cost,pred_bite_reward,pred_transfer_eff,prey_repro_thresh,pred_repro_thresh,prey_cooldown,pred_cooldown,max_prey,max_pred
1,56.254354,0.030563,0.113857,0.072028,0.002000,0.077308,0.800000,0.672477,0.700000,0.950000,4.000000,6.056806,600.000000,200.000000
2,59.836969,0.050000,0.050000,0.097913,0.002000,0.010000,0.200000,1.000000,0.950000,0.700000,4.000000,6.000000,600.000000,200.000000
3,59.836969,0.048772,0.050000,0.065633,0.020000,0.080000,0.200000,0.670954,0.938412,0.722924,4.000000,20.000000,600.000000,146.495461
4,59.603972,0.005000,0.050000,0.100000,0.007022,0.029880,0.745422,0.600000,0.950000,0.783718,12.206240,20.000000,439.947272,170.308973
5,56.254354,0.005000,0.081881,0.020000,0.020000,0.010000,0.800000,1.000000,0.700000,0.950000,6.729348,18.173038,355.036876,200.000000
6,56.254354,0.009964,0.250000,0.020000,0.020000,0.017097,0.800000,1.000000,0.736726,0.950000,15.000000,6.000000,367.237141,40.000000
7,59.836969,0.050000,0.050000,0.095499,0.020000,0.080000,0.200000,0.600000,0.950000,0.757741,10.372063,8.127066,200.000000,84.535408
8,56.177477,0.005000,0.117800,0.020000,0.002000,0.015407,0.720240,0.806706,0.720479,0.950000,4.000000,20.000000,277.953581,200.000000
9,59.836969,0.005000,0.050000,0.020000,0.020000,0.010000,0.200000,0.600000,0.950000,0.700000,4.000000,10.845999,510.984983,200.000000
10,57.641077,0.035809,0.051584,0.020000,0.020000,0.010000,0.200000,1.000000,0.700000,0.950000,10.868386,6.685164,600.000000,200.000000
11,59.926761,0.029707,0.050000,0.020000,0.016411,0.042752,0.210446,0.707588,0.950000,0.803959,4.000000,6.000000,600.000000,40.000000
12,56.254354,0.050000,0.050000,0.020000,0.004164,0.068846,0.800000,1.000000,0.700000,0.807287,15.000000,18.221695,200.000000,200.000000
13,57.436436,0.049273,0.051119,0.089532,0.020000,0.010000,0.255849,0.737484,0.766272,0.883313,4.000000,6.000000,200.000000,125.672096
14,59.982316,0.005000,0.067037,0.020000,0.020000,0.065970,0.200000,0.729477,0.814940,0.826613,7.591735,20.000000,542.963032,93.953102
15,59.093427,0.011415,0.250000,0.020000,0.006530,0.080000,0.800000,0.904362,0.828343,0.950000,6.460581,6.000000,600.000000,200.000000
16,59.093427,0.005000,0.108528,0.083619,0.002000,0.075113,0.800000,0.657863,0.950000,0.801182,15.000000,12.580655,200.000000,141.009300
17,56.254354,0.005000,0.250000,0.027098,0.020000,0.055606,0.800000,0.600000,0.786314,0.950000,4.000000,6.000000,492.836802,40.000000
18,59.982316,0.005000,0.250000,0.020000,0.010776,0.022727,0.200000,1.000000,0.950000,0.950000,6.656598,14.255019,600.000000,40.000000
19,59.648983,0.005000,0.250000,0.091653,0.020000,0.075023,0.405490,0.826971,0.950000,0.908142,7.933722,6.000000,200.000000,63.101311
20,59.093427,0.035817,0.050000,0.020000,0.020000,0.080000,0.800000,0.750993,0.950000,0.872511,4.000000,20.000000,200.000000,200.000000
21,58.652685,0.039232,0.156103,0.020000,0.019781,0.064148,0.800000,0.846857,0.950000,0.729819,13.278966,10.150702,551.844144,200.000000
22,57.641077,0.016959,0.184507,0.075966,0.002000,0.010000,0.200000,0.600000,0.700000,0.950000,4.000000,10.946867,600.000000,40.000000
23,59.093427,0.005000,0.050000,0.100000,0.014987,0.010000,0.800000,1.000000,0.950000,0.835579,5.033775,14.620390,291.248568,200.000000
24,56.798298,0.011749,0.066945,0.020000,0.002000,0.010000,0.437123,1.000000,0.700000,0.950000,8.079255,20.000000,200.000000,40.000000
25,56.798298,0.050000,0.050000,0.100000,0.019537,0.010000,0.421519,0.600000,0.700000,0.889967,4.000000,20.000000,441.514642,200.000000
26,56.254354,0.005000,0.050000,0.020000,0.002000,0.010000,0.800000,0.761480,0.700000,0.950000,15.000000,6.000000,200.000000,175.041247
27,59.093427,0.050000,0.250000,0.020000,0.002000,0.026155,0.800000,0.600000,0.950000,0.908691,4.000000,20.000000,200.000000,192.689571
28,55.705706,0.009614,0.188294,0.020000,0.002000,0.062005,0.800000,1.000000,0.700000,0.763262,10.281481,20.000000,200.000000,112.096087
29,59.982316,0.007945,0.250000,0.020000,0.002000,0.080000,0.200000,1.000000,0.950000,0.950000,15.000000,6.000000,200.000000,120.176532
30,56.254354,0.050000,0.062418,0.020000,0.020000,0.010000,0.800000,0.986582,0.713645,0.950000,14.570309,6.000000,200.000000,200.000000
31,55.705706,0.005000,0.250000,0.020000,0.002000,0.010000,0.800000,0.600000,0.726003,0.700000,4.000000,11.247742,600.000000,200.000000
32,56.254354,0.005000,0.090016,0.076122,0.003097,0.041464,0.800000,1.000000,0.700000,0.950000,12.666299,20.000000,200.000000,200.000000
33,57.106116,0.005000,0.050000,0.020000,0.002000,0.080000,0.221485,0.600000,0.737069,0.761306,8.716118,20.000000,200.000000,40.000000
34,59.982316,0.005000,0.106301,0.056943,0.002000,0.080000,0.200000,1.000000,0.947695,0.950000,14.534888,6.000000,600.000000,200.000000
35,57.049049,0.028327,0.231122,0.020000,0.018862,0.080000,0.223911,1.000000,0.700000,0.700000,4.000000,13.721890,600.000000,200.000000
36,56.177477,0.050000,0.050000,0.020000,0.002000,0.010000,0.526775,1.000000,0.757049,0.874525,4.000000,6.000000,200.000000,40.000000
37,56.254354,0.005000,0.050000,0.020000,0.017781,0.080000,0.800000,0.600000,0.700000,0.950000,4.000000,6.000000,200.000000,200.000000
38,57.641077,0.005000,0.177159,0.020000,0.003581,0.031880,0.200000,1.000000,0.754333,0.950000,4.000000,19.073573,600.000000,46.035103
39,58.652685,0.005000,0.120557,0.020000,0.002000,0.041202,0.800000,0.600000,0.842116,0.700000,10.627395,20.000000,200.000000,200.000000
40,59.093427,0.018870,0.247613,0.100000,0.002795,0.080000,0.800000,0.743572,0.950000,0.950000,5.712701,6.000000,200.000000,200.000000
41,56.254354,0.005000,0.050000,0.020000,0.014508,0.010000,0.800000,0.600000,0.700000,0.950000,4.000000,6.000000,492.851758,200.000000
42,57.500601,0.005000,0.050000,0.020000,0.014649,0.010000,0.304522,1.000000,0.700000,0.851097,4.000000,20.000000,384.756204,148.797417
43,59.093427,0.005000,0.250000,0.020000,0.020000,0.018808,0.800000,0.701151,0.950000,0.950000,4.000000,6.000000,600.000000,200.000000
44,56.254354,0.044070,0.101822,0.020000,0.018621,0.010000,0.800000,1.000000,0.744973,0.908435,4.000000,14.789899,348.667347,200.000000
45,56.254354,0.019289,0.250000,0.020000,0.003476,0.080000,0.800000,0.982228,0.723500,0.813073,15.000000,20.000000,200.000000,75.237819
46,56.798298,0.012548,0.050000,0.020000,0.020000,0.010000,0.422940,0.679522,0.716687,0.950000,14.622481,9.915463,200.000000,200.000000
47,59.093427,0.005000,0.250000,0.020000,0.002000,0.080000,0.800000,0.876388,0.940457,0.877852,15.000000,20.000000,413.633078,199.826027
48,59.982316,0.005000,0.050000,0.100000,0.002000,0.010000,0.200000,0.636354,0.906146,0.906481,8.343568,6.000000,600.000000,200.000000
49,57.064407,0.005000,0.231079,0.020000,0.002050,0.010000,0.200000,0.600000,0.700000,0.700000,15.000000,17.521365,200.000000,154.975836
50,57.064407,0.005000,0.050000,0.020000,0.002000,0.010000,0.200000,1.000000,0.700000,0.700000,4.651026,12.072944,279.052814,200.000000
51,56.254354,0.005000,0.094457,0.020000,0.002000,0.023953,0.800000,0.600000,0.700000,0.950000,12.403949,20.000000,334.381603,200.000000
52,55.738038,0.050000,0.247838,0.020000,0.002000,0.033566,0.726291,0.600000,0.784837,0.797547,15.000000,20.000000,207.392143,200.000000
53,56.254354,0.005000,0.250000,0.020000,0.002000,0.056072,0.800000,0.600000,0.700000,0.950000,4.000000,20.000000,200.000000,177.764247
54,55.738038,0.005000,0.175745,0.020000,0.002000,0.041889,0.691476,1.000000,0.700000,0.700000,4.000000,20.000000,200.000000,200.000000
55,56.254354,0.020991,0.109683,0.020000,0.011347,0.080000,0.800000,1.000000,0.733393,0.950000,4.000000,12.704044,200.000000,192.614499
56,56.254354,0.050000,0.188185,0.020000,0.002000,0.045384,0.800000,0.841853,0.715137,0.878442,15.000000,6.000000,600.000000,58.806120
57,57.064407,0.050000,0.250000,0.020000,0.002000,0.044693,0.200000,0.600000,0.737681,0.700000,4.000000,10.213348,278.737739,40.000000
58,55.738038,0.050000,0.210870,0.046019,0.002000,0.054531,0.447491,0.677772,0.700000,0.700000,9.465560,15.951891,600.000000,127.280918
59,59.603972,0.005000,0.250000,0.020000,0.002000,0.010000,0.714904,1.000000,0.911382,0.700841,6.980081,20.000000,600.000000,101.952960
60,56.254354,0.050000,0.050000,0.020000,0.002000,0.010000,0.800000,1.000000,0.726659,0.950000,15.000000,20.000000,200.000000,200.000000
61,56.254354,0.005000,0.050000,0.020000,0.002000,0.010000,0.800000,0.600000,0.710972,0.804250,12.198340,20.000000,302.854428,40.000000
62,59.093427,0.005000,0.167991,0.020000,0.018195,0.036722,0.800000,1.000000,0.866774,0.950000,4.000000,6.000000,367.882484,200.000000
63,55.738038,0.047359,0.050000,0.020000,0.002000,0.080000,0.712554,0.600000,0.700000,0.700000,4.000000,20.000000,290.279518,109.737958
64,57.064407,0.005000,0.250000,0.020000,0.002000,0.051906,0.200000,0.823602,0.700000,0.700000,15.000000,6.000000,233.255254,40.000000
65,56.177477,0.005000,0.050000,0.020000,0.020000,0.080000,0.690449,1.000000,0.700000,0.950000,4.000000,13.132377,200.000000,59.107244
66,59.093427,0.050000,0.050000,0.044230,0.011269,0.011806,0.800000,1.000000,0.950000,0.821380,9.899518,8.007305,353.330513,200.000000
67,59.836969,0.005000,0.186738,0.024697,0.011189,0.080000,0.200000,0.600000,0.950000,0.700000,4.000000,6.000000,600.000000,61.212334
68,56.254354,0.050000,0.225889,0.020000,0.002000,0.065287,0.800000,0.888471,0.700000,0.865598,4.000000,6.000000,396.839675,200.000000
69,56.254354,0.005000,0.050000,0.020000,0.018516,0.010000,0.800000,1.000000,0.700000,0.812947,15.000000,6.287291,200.000000,200.000000
70,56.254354,0.005000,0.050000,0.020000,0.002000,0.012716,0.800000,1.000000,0.700000,0.950000,6.540007,20.000000,200.000000,200.000000
71,55.738038,0.036422,0.050000,0.020000,0.002000,0.080000,0.495579,0.600000,0.700000,0.700000,4.000000,20.000000,409.795448,200.000000
72,56.887487,0.005000,0.050000,0.020000,0.002000,0.010000,0.371779,0.600000,0.700000,0.950000,15.000000,20.000000,200.000000,200.000000
73,56.254354,0.050000,0.250000,0.020000,0.002000,0.080000,0.800000,0.600000,0.725152,0.936087,4.000000,14.300483,200.000000,200.000000
74,55.738038,0.050000,0.050000,0.020000,0.002000,0.027761,0.697076,0.928871,0.700000,0.700000,4.000000,20.000000,200.000000,200.000000
75,55.738038,0.050000,0.050000,0.049286,0.010452,0.010000,0.691511,0.651188,0.700000,0.700000,15.000000,20.000000,200.000000,200.000000
76,59.093427,0.050000,0.050000,0.020000,0.002000,0.010000,0.800000,0.621567,0.900350,0.950000,7.874239,20.000000,296.746868,200.000000
77,57.641077,0.005000,0.198206,0.020000,0.013994,0.010000,0.200000,0.600000,0.700000,0.950000,15.000000,12.468926,532.930025,143.684424
78,56.254354,0.014213,0.250000,0.020000,0.002000,0.080000,0.800000,0.600000,0.700000,0.830145,15.000000,15.659766,438.292227,200.000000
79,57.064407,0.050000,0.167511,0.026577,0.002000,0.070706,0.200000,1.000000,0.765994,0.700000,9.439939,20.000000,517.120054,40.000000
80,57.064407,0.050000,0.050000,0.020000,0.002000,0.080000,0.200000,0.934891,0.700000,0.700000,4.000000,20.000000,200.000000,40.000000
81,56.965766,0.046710,0.238995,0.020000,0.010694,0.037473,0.328338,0.600000,0.700000,0.700000,5.082631,14.350995,600.000000,200.000000
82,57.641077,0.008105,0.050000,0.020000,0.002000,0.080000,0.200000,1.000000,0.700000,0.861912,5.330060,20.000000,200.000000,161.752225
83,57.064407,0.050000,0.050000,0.020000,0.002000,0.028562,0.200000,0.928536,0.700000,0.700000,15.000000,20.000000,200.000000,146.794319
84,56.254354,0.050000,0.050000,0.020000,0.002000,0.080000,0.800000,1.000000,0.795430,0.905840,4.000000,20.000000,200.000000,54.936074
85,55.705706,0.050000,0.050000,0.020000,0.002000,0.021427,0.800000,0.759936,0.700000,0.772148,15.000000,12.924784,236.737632,200.000000
86,57.064407,0.050000,0.120130,0.020000,0.002000,0.072272,0.200000,0.600000,0.700000,0.700000,4.000000,20.000000,600.000000,200.000000
87,55.705706,0.047089,0.081378,0.020000,0.002000,0.068718,0.800000,1.000000,0.700000,0.745590,4.000000,20.000000,200.000000,200.000000
88,56.254354,0.050000,0.050000,0.020000,0.002000,0.080000,0.800000,0.600000,0.700000,0.905327,15.000000,17.997677,466.664931,40.000000
89,55.738038,0.050000,0.050000,0.081092,0.002000,0.010000,0.574570,0.633213,0.700000,0.700000,15.000000,20.000000,469.945728,40.000000
90,59.093427,0.034873,0.050000,0.020000,0.002000,0.073125,0.800000,0.872809,0.950000,0.950000,10.249539,13.985574,600.000000,200.000000
91,55.705706,0.050000,0.154536,0.020000,0.015097,0.080000,0.800000,0.606435,0.759632,0.700000,15.000000,20.000000,600.000000,52.439469
92,55.705706,0.044086,0.143833,0.020000,0.002000,0.053608,0.800000,0.600000,0.700000,0.700000,15.000000,20.000000,200.000000,200.000000
93,56.233534,0.035433,0.250000,0.055804,0.020000,0.010000,0.378108,0.600000,0.700000,0.700000,10.160837,20.000000,600.000000,184.408569
94,55.705706,0.050000,0.050000,0.020000,0.004766,0.080000,0.800000,1.000000,0.700000,0.700000,15.000000,11.051013,207.639798,200.000000
95,55.705706,0.048579,0.161017,0.020000,0.002000,0.080000,0.800000,1.000000,0.700000,0.700000,15.000000,20.000000,200.000000,200.000000
96,56.254354,0.005000,0.250000,0.020000,0.002000,0.080000,0.800000,0.600000,0.700000,0.950000,15.000000,20.000000,200.000000,200.000000
97,55.705706,0.050000,0.062771,0.020000,0.012189,0.032243,0.800000,0.708271,0.700000,0.700000,15.000000,20.000000,445.409017,200.000000
98,55.705706,0.050000,0.050000,0.079789,0.002000,0.075851,0.800000,0.600000,0.700000,0.700000,7.971993,20.000000,200.000000,200.000000
99,55.705706,0.039574,0.050000,0.020000,0.002000,0.029924,0.800000,1.000000,0.700000,0.700000,15.000000,20.000000,561.560745,200.000000
100,55.705706,0.050000,0.050000,0.020000,0.007693,0.020899,0.800000,0.600000,0.700000,0.700000,15.000000,20.000000,600.000000,121.320609
101,55.705706,0.050000,0.175811,0.020000,0.002000,0.043437,0.800000,0.600000,0.700000,0.700000,15.000000,20.000000,200.000000,200.000000
102,57.064407,0.050000,0.250000,0.020000,0.002000,0.080000,0.200000,0.643265,0.700000,0.700000,4.000000,20.000000,200.000000,200.000000
103,55.738038,0.037429,0.050000,0.020000,0.002000,0.063852,0.496441,0.600000,0.700000,0.700000,15.000000,20.000000,200.000000,177.361909
104,55.705706,0.050000,0.050894,0.020000,0.002000,0.021202,0.800000,0.657719,0.700000,0.700000,15.000000,18.507290,200.000000,200.000000
105,56.254354,0.050000,0.092431,0.020000,0.002000,0.080000,0.800000,0.799361,0.700000,0.932339,15.000000,20.000000,200.000000,200.000000
106,58.652685,0.043437,0.057405,0.020000,0.016820,0.010000,0.800000,0.698786,0.869538,0.700000,15.000000,14.489923,200.000000,40.000000
107,56.177477,0.050000,0.050000,0.020000,0.002000,0.043724,0.712661,0.600000,0.700000,0.821183,15.000000,20.000000,200.000000,46.389238
108,56.254354,0.005000,0.111561,0.020000,0.014341,0.044536,0.800000,0.600000,0.700000,0.950000,15.000000,20.000000,200.000000,200.000000
109,55.705706,0.005000,0.234142,0.023550,0.002000,0.010000,0.800000,0.600000,0.700000,0.700000,15.000000,6.000000,200.000000,200.000000
110,55.705706,0.050000,0.165798,0.020000,0.002000,0.080000,0.800000,0.923962,0.700000,0.700000,15.000000,20.000000,205.777482,200.000000
111,55.705706,0.050000,0.195154,0.020000,0.016802,0.080000,0.800000,0.761455,0.700000,0.700000,15.000000,20.000000,200.000000,176.548475
112,59.603972,0.031207,0.050000,0.020000,0.002000,0.053827,0.443719,0.600000,0.819794,0.700000,15.000000,20.000000,200.000000,200.000000
113,55.705706,0.050000,0.105948,0.020000,0.020000,0.010000,0.800000,0.600000,0.700000,0.700000,15.000000,10.070653,200.000000,200.000000
114,56.254354,0.012482,0.050000,0.020000,0.002000,0.025590,0.800000,1.000000,0.700000,0.950000,15.000000,20.000000,200.000000,200.000000
115,57.064407,0.050000,0.050000,0.020000,0.002000,0.010000,0.200000,1.000000,0.700000,0.700000,15.000000,6.000000,600.000000,195.941304
116,56.254354,0.005000,0.050000,0.020000,0.013738,0.080000,0.800000,0.600000,0.700000,0.950000,11.295002,6.000000,200.000000,200.000000
117,55.705706,0.005000,0.250000,0.020000,0.002000,0.059263,0.800000,1.000000,0.700000,0.700000,15.000000,6.000000,200.000000,200.000000
118,58.652685,0.007533,0.050000,0.100000,0.002000,0.010000,0.800000,0.845279,0.881183,0.700000,15.000000,14.620319,378.156585,200.000000
119,55.705706,0.050000,0.050000,0.020000,0.002000,0.010000,0.800000,0.789560,0.700000,0.700000,15.000000,8.817864,200.000000,200.000000
120,55.705706,0.008572,0.050000,0.020000,0.002000,0.057901,0.800000,0.600000,0.700000,0.700000,11.988374,20.000000,538.700374,200.000000
121,55.705706,0.050000,0.206022,0.020000,0.002000,0.035976,0.800000,0.839338,0.795042,0.700000,15.000000,20.000000,260.721437,200.000000
122,55.705706,0.050000,0.182147,0.097733,0.003904,0.074299,0.800000,0.708987,0.700000,0.700000,12.454477,18.110849,600.000000,200.000000
123,55.705706,0.050000,0.193763,0.083308,0.002000,0.037382,0.800000,0.624893,0.764550,0.700000,11.038407,20.000000,200.000000,200.000000
124,55.705706,0.050000,0.090571,0.020000,0.002000,0.080000,0.800000,1.000000,0.700000,0.700000,15.000000,16.748489,466.039459,200.000000
125,57.064407,0.050000,0.050000,0.100000,0.002000,0.010924,0.200000,0.790485,0.700000,0.700000,15.000000,20.000000,535.048121,200.000000
126,55.705706,0.040173,0.194996,0.020000,0.020000,0.080000,0.800000,1.000000,0.700000,0.700000,12.901902,10.619071,200.000000,200.000000
127,55.705706,0.050000,0.103149,0.020000,0.002000,0.079911,0.800000,0.854909,0.700000,0.700000,15.000000,20.000000,200.000000,200.000000
128,58.652685,0.005000,0.050000,0.100000,0.004597,0.010000,0.800000,1.000000,0.813685,0.772007,15.000000,6.000000,600.000000,200.000000
129,58.652685,0.034582,0.125538,0.100000,0.002000,0.010000,0.800000,0.927169,0.832998,0.728065,12.339741,6.000000,430.761162,200.000000
130,55.705706,0.050000,0.050000,0.020000,0.003822,0.080000,0.800000,1.000000,0.700000,0.700000,15.000000,20.000000,200.000000,200.000000
131,55.705706,0.050000,0.250000,0.020000,0.012022,0.010000,0.800000,0.600000,0.700000,0.700000,15.000000,8.519639,200.000000,200.000000
132,55.705706,0.033335,0.060507,0.020000,0.002000,0.080000,0.800000,0.688612,0.700000,0.700000,15.000000,12.382549,200.000000,200.000000
133,58.652685,0.050000,0.050000,0.020000,0.015598,0.080000,0.800000,1.000000,0.846467,0.700000,15.000000,17.600944,200.000000,200.000000
134,55.705706,0.005000,0.079633,0.039871,0.020000,0.023847,0.800000,0.600000,0.700000,0.700000,4.000000,16.767925,252.221740,200.000000
135,55.705706,0.050000,0.086681,0.046350,0.011368,0.010000,0.800000,1.000000,0.700000,0.700000,12.232700,6.000000,600.000000,200.000000
136,55.705706,0.050000,0.050000,0.044054,0.002000,0.010000,0.800000,0.600000,0.700000,0.783261,15.000000,6.943906,240.844985,200.000000
137,55.705706,0.050000,0.250000,0.020000,0.005082,0.010000,0.800000,0.600000,0.700000,0.700000,4.225842,20.000000,200.000000,200.000000
138,58.652685,0.050000,0.072056,0.020000,0.002000,0.010000,0.800000,0.600000,0.815611,0.700000,15.000000,20.000000,600.000000,200.000000
139,55.705706,0.012805,0.050000,0.020000,0.002000,0.080000,0.800000,0.851787,0.700000,0.700000,15.000000,12.156826,200.000000,200.000000
140,55.705706,0.050000,0.167412,0.020000,0.020000,0.010000,0.800000,1.000000,0.700000,0.700000,15.000000,6.000000,200.000000,200.000000
141,55.705706,0.050000,0.068457,0.052210,0.010739,0.053753,0.800000,0.600000,0.700000,0.700000,15.000000,20.000000,200.000000,200.000000
142,55.705706,0.050000,0.250000,0.020000,0.018953,0.010000,0.800000,0.600000,0.700000,0.700000,4.000000,9.356255,200.000000,158.466058
143,55.705706,0.032015,0.250000,0.020000,0.020000,0.010000,0.800000,0.817832,0.700000,0.700000,4.995004,9.447359,200.000000,200.000000
144,55.705706,0.044152,0.226967,0.020000,0.020000,0.080000,0.800000,0.715775,0.700000,0.700000,15.000000,6.000000,441.972287,200.000000
145,55.705706,0.050000,0.250000,0.020000,0.002000,0.019788,0.800000,0.600000,0.700000,0.700000,11.282445,6.000000,575.165135,174.840158
146,55.705706,0.050000,0.050000,0.052766,0.020000,0.080000,0.800000,1.000000,0.700000,0.700000,15.000000,11.234067,402.756593,200.000000
147,55.705706,0.050000,0.109750,0.020000,0.002000,0.080000,0.800000,0.838949,0.700000,0.700000,15.000000,20.000000,409.393030,200.000000
148,56.254354,0.050000,0.250000,0.031608,0.020000,0.080000,0.800000,0.600000,0.700000,0.831232,15.000000,6.701748,200.000000,200.000000
149,55.705706,0.050000,0.050000,0.020000,0.007786,0.080000,0.800000,0.998401,0.700000,0.700000,15.000000,16.435205,200.000000,200.000000
150,55.705706,0.019261,0.201601,0.056096,0.002000,0.080000,0.800000,0.802353,0.700000,0.700000,15.000000,20.000000,466.435639,200.000000
151,55.705706,0.050000,0.050000,0.020000,0.020000,0.030137,0.800000,0.774477,0.700000,0.700000,15.000000,20.000000,200.000000,200.000000
152,56.254354,0.038637,0.050000,0.020000,0.002000,0.010000,0.800000,1.000000,0.700000,0.855135,4.000000,18.748209,200.000000,200.000000
153,55.705706,0.050000,0.050000,0.020000,0.002000,0.051413,0.800000,0.600000,0.700000,0.700000,15.000000,12.106611,200.000000,200.000000
154,55.705706,0.050000,0.225581,0.020000,0.018095,0.010000,0.800000,0.710960,0.700000,0.701747,4.000000,6.000000,200.000000,200.000000
155,55.705706,0.050000,0.250000,0.020000,0.002000,0.080000,0.800000,0.600000,0.700000,0.700000,4.000000,20.000000,200.000000,200.000000
156,55.705706,0.024590,0.050000,0.020000,0.002000,0.016555,0.800000,0.626215,0.700000,0.700000,4.000000,17.842188,200.000000,200.000000
157,55.705706,0.050000,0.050000,0.020000,0.009349,0.080000,0.800000,0.600000,0.700000,0.700000,15.000000,20.000000,200.000000,200.000000
158,55.705706,0.050000,0.050000,0.020000,0.002000,0.075870,0.800000,0.604595,0.700000,0.700000,15.000000,13.561617,200.000000,200.000000
159,55.705706,0.050000,0.250000,0.020000,0.002000,0.024637,0.800000,0.704094,0.700000,0.700000,4.000000,9.058716,200.000000,40.000000
160,55.705706,0.050000,0.242258,0.020000,0.002000,0.010000,0.800000,0.741265,0.700000,0.700000,6.796643,20.000000,200.000000,200.000000
161,55.705706,0.044582,0.193861,0.020000,0.002000,0.080000,0.800000,0.906080,0.700000,0.700000,12.379845,20.000000,200.000000,200.000000
162,55.705706,0.050000,0.203159,0.100000,0.002000,0.010000,0.800000,0.600000,0.700000,0.700000,15.000000,10.872252,600.000000,200.000000
163,55.705706,0.050000,0.186664,0.020000,0.002760,0.080000,0.800000,1.000000,0.700000,0.700000,15.000000,13.622672,326.356559,200.000000
164,55.705706,0.039593,0.250000,0.020000,0.018059,0.010102,0.800000,0.600000,0.700000,0.700000,15.000000,20.000000,200.000000,200.000000
165,55.705706,0.050000,0.050000,0.020000,0.002000,0.080000,0.800000,0.670119,0.700000,0.700000,14.144612,20.000000,200.000000,200.000000
166,55.705706,0.050000,0.050000,0.020000,0.002000,0.080000,0.800000,0.600000,0.700000,0.700000,4.000000,20.000000,247.921554,200.000000
167,55.705706,0.044217,0.050000,0.084954,0.014671,0.080000,0.800000,0.600000,0.700000,0.700000,15.000000,20.000000,200.000000,200.000000
168,55.705706,0.050000,0.151373,0.020000,0.008822,0.080000,0.800000,0.600000,0.700000,0.700000,15.000000,16.828092,600.000000,200.000000
169,55.705706,0.050000,0.250000,0.020000,0.009975,0.080000,0.800000,0.600000,0.700000,0.700000,15.000000,20.000000,200.000000,200.000000
170,57.096106,0.050000,0.250000,0.056596,0.002000,0.078509,0.221930,0.600000,0.700000,0.700000,15.000000,20.000000,200.000000,200.000000
171,57.064407,0.050000,0.050000,0.020000,0.002000,0.010000,0.200000,0.857995,0.700000,0.700000,4.000000,20.000000,200.000000,200.000000
172,55.705706,0.015561,0.050000,0.020000,0.006878,0.063077,0.800000,0.772649,0.700000,0.700000,15.000000,12.629216,330.938930,200.000000
173,55.705706,0.050000,0.221039,0.020000,0.002000,0.080000,0.800000,1.000000,0.700000,0.700000,15.000000,20.000000,200.000000,200.000000
174,55.705706,0.034733,0.250000,0.020000,0.002000,0.080000,0.800000,1.000000,0.700000,0.700000,15.000000,20.000000,600.000000,200.000000
175,55.705706,0.005000,0.070700,0.020000,0.002000,0.080000,0.800000,1.000000,0.700000,0.700000,15.000000,13.371277,200.000000,200.000000
176,58.652685,0.050000,0.116599,0.020000,0.007599,0.010000,0.800000,0.600000,0.856498,0.700000,15.000000,8.117296,200.000000,200.000000
177,55.705706,0.013609,0.250000,0.020000,0.002000,0.010000,0.800000,0.609774,0.700000,0.700000,15.000000,20.000000,200.000000,200.000000
178,55.705706,0.050000,0.050000,0.020000,0.002000,0.080000,0.800000,1.000000,0.700000,0.700000,15.000000,20.000000,200.000000,200.000000
179,55.705706,0.048834,0.250000,0.020000,0.002000,0.080000,0.800000,0.658614,0.700000,0.700000,15.000000,20.000000,272.344470,200.000000
180,55.705706,0.005000,0.050000,0.020000,0.002000,0.010000,0.800000,0.600000,0.700000,0.700000,10.794368,18.686758,567.446301,200.000000
181,55.705706,0.005061,0.250000,0.020000,0.003491,0.080000,0.800000,0.600000,0.700000,0.700000,15.000000,11.070493,200.000000,118.543133
182,55.705706,0.050000,0.050000,0.020000,0.018067,0.074100,0.800000,0.600000,0.700000,0.700000,15.000000,17.485502,220.090249,200.000000
183,59.603972,0.050000,0.211608,0.100000,0.002000,0.033710,0.483284,0.662344,0.950000,0.700000,15.000000,6.000000,600.000000,200.000000
184,59.836969,0.050000,0.050000,0.020000,0.002000,0.010000,0.200000,0.655867,0.871588,0.700000,15.000000,20.000000,600.000000,200.000000
185,55.705706,0.050000,0.050000,0.020000,0.002000,0.010000,0.800000,0.600000,0.700000,0.700000,11.449521,6.000000,319.203552,200.000000
186,55.705706,0.018973,0.066440,0.020000,0.002000,0.010539,0.800000,1.000000,0.700000,0.700000,15.000000,20.000000,200.000000,200.000000
187,57.064407,0.050000,0.250000,0.020000,0.020000,0.080000,0.200000,1.000000,0.700000,0.700000,15.000000,10.877223,600.000000,200.000000
188,55.705706,0.050000,0.050000,0.020000,0.002000,0.080000,0.800000,0.626908,0.700000,0.700000,15.000000,20.000000,600.000000,200.000000
189,55.705706,0.050000,0.231694,0.020000,0.002000,0.080000,0.800000,0.978951,0.700000,0.700000,15.000000,19.569992,435.061738,200.000000
190,55.705706,0.047866,0.050000,0.020000,0.002000,0.010000,0.800000,1.000000,0.700000,0.700000,15.000000,6.000000,200.000000,200.000000
191,55.705706,0.048901,0.050000,0.020000,0.002000,0.080000,0.800000,1.000000,0.700000,0.700000,15.000000,20.000000,200.000000,200.000000
192,55.705706,0.050000,0.050000,0.020000,0.002000,0.080000,0.800000,0.600000,0.700000,0.700000,15.000000,20.000000,200.000000,200.000000
193,55.705706,0.050000,0.050000,0.020000,0.002000,0.062889,0.800000,1.000000,0.700000,0.700000,15.000000,18.285960,200.000000,200.000000
194,55.705706,0.039003,0.166730,0.020000,0.002000,0.018641,0.800000,0.942965,0.700000,0.700000,12.504616,20.000000,200.000000,200.000000
195,55.705706,0.050000,0.227335,0.020000,0.002000,0.080000,0.800000,0.600000,0.700000,0.700000,15.000000,20.000000,200.000000,200.000000
196,55.705706,0.050000,0.126825,0.020000,0.012514,0.080000,0.800000,0.898407,0.700000,0.700000,15.000000,6.000000,523.410893,200.000000
197,55.705706,0.005000,0.050000,0.020000,0.018584,0.061623,0.800000,0.817618,0.700000,0.700000,6.054890,8.477071,600.000000,200.000000
198,55.705706,0.050000,0.050000,0.020000,0.002000,0.080000,0.800000,0.600000,0.700000,0.700000,15.000000,20.000000,200.000000,200.000000
199,55.705706,0.050000,0.083622,0.020000,0.002000,0.010000,0.800000,1.000000,0.761442,0.700000,15.000000,8.151298,200.000000,200.000000
200,55.705706,0.032540,0.050000,0.052347,0.007947,0.080000,0.800000,0.731428,0.700000,0.700000,15.000000,16.669092,600.000000,200.000000
